Workbook

Sheet Executive Summary & Fleet KPIs
A1: IoT Fleet Reliability & Telemetry Fault Analysis Engine
A2: Supply Chain Management: Dry Assets & Maritime Shipping Containers Telemetry Modeling
A4: 1. Global Fleet Inputs (Editable Parameters)
A5: Metric / Parameter Name | B5: Value | C5: Unit | D5: Notes & Operational Assumptions
A6: Total Installed IoT Fleet Size | B6: 250000 | C6: Devices | D6: Total dry asset & container tracking devices deployed
A7: Average Daily Active Devices | B7: 220000 | C7: Devices/Day | D7: Active reporting devices (solar powered duty cycle)
A8: Total Telemetry Rows Received / Day | B8: 1000000 | C8: Rows/Day | D8: Pings written across battery, sensors, GPS, RSSI
A9: Total Detected Fault Rows / Day | B9: 10000 | C9: Events/Day | D9: Telemetry events flagged by predefined fault thresholds
A10: Net Unique Faulted Devices / Day | B10: 2600 | C10: Devices/Day | D10: Deduplicated active devices generating >=1 fault row
A11: Persistent Faulted Devices (>=3 faults) | B11: 800 | C11: Devices/Day | D11: Devices with recurring sequential faults
A12: Transient Faulted Devices (1-2 faults) | B12: 1800 | C12: Devices/Day | D12: Devices with isolated transient signal blips
A13: Alert Suppression Persistence Threshold (k) | B13: 3 | C13: Pings | D13: Minimum repeating faults required for true alarm
A14: Beta-Binomial Prior Weight (M) | B14: 100 | C14: Observations | D14: Pseudo-observations for Bayesian shrinkage
A17: 2. Core Fleet Probability & Performance Metrics
A18: Calculated Metric | B18: Formula / Cell Ref | C18: Computed Value | D18: Benchmark / Interpretation
A19: Active Fleet Daily Failure Probability P(Device Fault | Active) | B19: =B10/B6 | D19: Likelihood an active device faults today
A20: Total Fleet Daily Failure Probability P(Device Fault | Fleet) | B20: =B10/B5 | D20: Total fleet replacement / maintenance impact
A21: Telemetry Event Fault Probability P(Fault | Transmission) | B21: =B8/B7 | D21: Probability that any incoming telemetry packet is a fault
A22: Fleet Availability / Reporting Rate | B22: =B6/B5 | D22: Percentage of fleet communicating on given day
A23: Average Reporting Frequency (Pings / Device / Day) | B23: =B7/B6 | D23: Telemetry density per active tracking unit
A24: Fault Clustering Ratio (Fault Rows / Faulted Device) | B24: =B8/B10 | D24: Average fault repetitions per faulted device
A25: Persistent Fault Concentration Share | B25: =(B11*8)/B8 | D25: Share of all fault rows produced by persistent devices
A26: Empirical Bayes Fleet Prior Alpha (α) | B26: =B14*(B10/B6) | D26: Bayesian prior parameter for fault days
A27: Empirical Bayes Fleet Prior Beta (β) | B27: =B14*(1-(B10/B6)) | D27: Bayesian prior parameter for healthy days
A29: 3. Fleet Markov Transition Probabilities (Day t to Day t+1)
A31: State on Day t | B31: State on Day t+1 | C31: Transition Formula / Logic | D31: Transition Probability | E31: Operational Meaning
A32: Faulted (F_t) | B32: Faulted (F_t+1) | C32: Empirical Persistence (Assumed / Measured) | D32: 0.35 | E32: Persistence: Device remains faulted next day
A33: Faulted (F_t) | B33: Healthy (H_t+1) | C33: =1-D32 | E33: Self-recovery / clearance rate
A34: Healthy (H_t) | B34: Faulted (F_t+1) | C34: =(B10-(D32*B10))/(B6-B10) | E34: New onset daily failure rate
A35: Healthy (H_t) | B35: Healthy (H_t+1) | C35: =1-D34 | E35: Healthy device retention rate

Sheet Sensor Hazard Analysis
A1: Sensor-Specific Hazard & Reliability Decomposition
A2: Decomposition across 6 onboard container sensors: Battery, GPS, Accelerometer, Door, RSSI, Light
A4: Sensor Name | B4: Telemetry Rows / Day (Input) | C4: Unique Faulted Devices / Day (Input) | D4: Share of Fault Telemetry | E4: P(Fault | Transmission) | F4: P(Sensor Fault | Active Device) | G4: Hazard Rate (Faults / 1,000 Pings) | H4: Multi-Ping Multiplier (Rows / Device) | I4: Primary Degradation / Failure Mechanism
A5: Battery Voltage | B5: 3200 | C5: 1100 | D5: =B5/'Executive Summary & Fleet KPIs'!B8 | E5: =B5/'Executive Summary & Fleet KPIs'!B7 | F5: =C5/'Executive Summary & Fleet KPIs'!B6 | G5: =(B5/'Executive Summary & Fleet KPIs'!B7)*1000 | H5: =B5/C5 | I5: Low solar yield, continuous night drain, aging LiFePO4 cells
A6: GPS Module | B6: 2400 | C6: 750 | D6: =B6/'Executive Summary & Fleet KPIs'!B8 | E6: =B6/'Executive Summary & Fleet KPIs'!B7 | F6: =C6/'Executive Summary & Fleet KPIs'!B6 | G6: =(B6/'Executive Summary & Fleet KPIs'!B7)*1000 | H6: =B6/C6 | I6: Loss of satellite lock inside container stacks / maritime transit
A7: Accelerometer (3-Axis) | B7: 1800 | C7: 520 | D7: =B7/'Executive Summary & Fleet KPIs'!B8 | E7: =B7/'Executive Summary & Fleet KPIs'!B7 | F7: =C7/'Executive Summary & Fleet KPIs'!B6 | G7: =(B7/'Executive Summary & Fleet KPIs'!B7)*1000 | H7: =B7/C7 | I7: Rough seas vibration threshold trips, sensor calibration drift
A8: Door Open Sensor | B8: 1200 | C8: 380 | D8: =B8/'Executive Summary & Fleet KPIs'!B8 | E8: =B8/'Executive Summary & Fleet KPIs'!B7 | F8: =C8/'Executive Summary & Fleet KPIs'!B6 | G8: =(B8/'Executive Summary & Fleet KPIs'!B7)*1000 | H8: =B8/C8 | I8: Mechanical reed switch misalignment, magnetic seal displacement
A9: RSSI / Cellular Network | B9: 900 | C9: 310 | D9: =B9/'Executive Summary & Fleet KPIs'!B8 | E9: =B9/'Executive Summary & Fleet KPIs'!B7 | F9: =C9/'Executive Summary & Fleet KPIs'!B6 | G9: =(B9/'Executive Summary & Fleet KPIs'!B7)*1000 | H9: =B9/C9 | I9: Base-station handoff drops, deep hull RF attenuation
A10: Light Sensor (Optical) | B10: 500 | C10: 180 | D10: =B10/'Executive Summary & Fleet KPIs'!B8 | E10: =B10/'Executive Summary & Fleet KPIs'!B7 | F10: =C10/'Executive Summary & Fleet KPIs'!B6 | G10: =(B10/'Executive Summary & Fleet KPIs'!B7)*1000 | H10: =B10/C10 | I10: Dust/dirt lens obstruction, seal leakage false readings
A11: Total Telemetry / Fleet Deduplicated | B11: =SUM(B5:B10) | C11: ='Executive Summary & Fleet KPIs'!B10 | D11: =SUM(D5:D10) | E11: =SUM(E5:E10) | F11: ='Executive Summary & Fleet KPIs'!C19 | G11: =SUM(G5:G10) | H11: =B11/C11 | I11: Note: Sum of sensor unique devices > Net unique due to multi-sensor co-faults

Sheet Next-Day Device Model
A1: Next-Day IoT Device Fault Scoring Engine (30-Day Study Window)
A2: Pure Probabilistic Framework: Empirical Bayes (Beta-Binomial Shrinkage) + Markov Transitions + Bayesian Evidence Update
A4: Bayesian Likelihood Ratio Parameters (Evidence Updating)
A5: Parameter | B5: Value | C5: Operational Meaning
A6: P(Low Battery Alert | Fault Tomorrow) | B6: 0.25 | C6: 25% of devices that fail tomorrow show low voltage today
A7: P(Low Battery Alert | Healthy Tomorrow) | B7: 0.05 | C7: Only 5% of healthy devices exhibit low voltage today
A8: Battery Likelihood Ratio (LR_batt) | B8: =B6/B7 | C8: Risk multiplier when low battery symptom is active (5.0x)
A10: Device Level 30-Day Scoring & Prediction (Day 31 Risk Ranking)
A12: Device ID | B12: Asset / Container Type | C12: Active Days in Window (n_i) | D12: Fault Days in Window (k_i) | E12: Raw Fault Rate (k_i / n_i) | F12: Beta-Binomial Smoothed Prior P(F_i) | G12: State Today S_t (0=H, 1=F) | H12: Markov P(F_t+1 | S_t) | I12: Composite Prior P_prior | J12: Prior Odds | K12: Low Batt Today E (0/1) | L12: Likelihood Ratio Multiplier | M12: Posterior Odds | N12: Predicted P(Fault Tomorrow) | O12: Risk Triage Decile
A13: DEV-009821 | B13: Reefer Dry Container | C13: 30 | D13: 18 | E13: =D13/C13 | F13: =(D13+'Executive Summary & Fleet KPIs'!$C$26)/(C13+'Executive Summary & Fleet KPIs'!$C$26+'Executive Summary & Fleet KPIs'!$C$27) | G13: 1 | H13: =IF(G13=1,'Executive Summary & Fleet KPIs'!$D$32,'Executive Summary & Fleet KPIs'!$D$34) | I13: =SQRT(F13*H13) | J13: =I13/(1-I13) | K13: 1 | L13: =IF(K13=1,$B$8,1.0) | M13: =J13*L13 | N13: =M13/(1+M13) | O13: =IF(N13>=0.3,"CRITICAL (P1)",IF(N13>=0.1,"HIGH (P2)",IF(N13>=0.03,"ELEVATED (P3)","NORMAL (P4)"))
A14: DEV-044120 | B14: Standard 40ft Maritime | C14: 30 | D14: 8 | E14: =D14/C14 | F14: =(D14+'Executive Summary & Fleet KPIs'!$C$26)/(C14+'Executive Summary & Fleet KPIs'!$C$26+'Executive Summary & Fleet KPIs'!$C$27) | G14: 1 | H14: =IF(G14=1,'Executive Summary & Fleet KPIs'!$D$32,'Executive Summary & Fleet KPIs'!$D$34) | I14: =SQRT(F14*H14) | J14: =I14/(1-I14) | K14: 0 | L14: =IF(K14=1,$B$8,1.0) | M14: =J14*L14 | N14: =M14/(1+M14) | O14: =IF(N14>=0.3,"CRITICAL (P1)",IF(N14>=0.1,"HIGH (P2)",IF(N14>=0.03,"ELEVATED (P3)","NORMAL (P4)"))
A15: DEV-012893 | B15: Intermodal Dry Box | C15: 28 | D15: 3 | E15: =D15/C15 | F15: =(D15+'Executive Summary & Fleet KPIs'!$C$26)/(C15+'Executive Summary & Fleet KPIs'!$C$26+'Executive Summary & Fleet KPIs'!$C$27) | G15: 0 | H15: =IF(G15=1,'Executive Summary & Fleet KPIs'!$D$32,'Executive Summary & Fleet KPIs'!$D$34) | I15: =SQRT(F15*H15) | J15: =I15/(1-I15) | K15: 1 | L15: =IF(K15=1,$B$8,1.0) | M15: =J15*L15 | N15: =M15/(1+M15) | O15: =IF(N15>=0.3,"CRITICAL (P1)",IF(N15>=0.1,"HIGH (P2)",IF(N15>=0.03,"ELEVATED (P3)","NORMAL (P4)"))
A16: DEV-088192 | B16: Standard 20ft Maritime | C16: 25 | D16: 4 | E16: =D16/C16 | F16: =(D16+'Executive Summary & Fleet KPIs'!$C$26)/(C16+'Executive Summary & Fleet KPIs'!$C$26+'Executive Summary & Fleet KPIs'!$C$27) | G16: 1 | H16: =IF(G16=1,'Executive Summary & Fleet KPIs'!$D$32,'Executive Summary & Fleet KPIs'!$D$34) | I16: =SQRT(F16*H16) | J16: =I16/(1-I16) | K16: 1 | L16: =IF(K16=1,$B$8,1.0) | M16: =J16*L16 | N16: =M16/(1+M16) | O16: =IF(N16>=0.3,"CRITICAL (P1)",IF(N16>=0.1,"HIGH (P2)",IF(N16>=0.03,"ELEVATED (P3)","NORMAL (P4)"))
A17: DEV-033104 | B17: Reefer Dry Container | C17: 30 | D17: 5 | E17: =D17/C17 | F17: =(D17+'Executive Summary & Fleet KPIs'!$C$26)/(C17+'Executive Summary & Fleet KPIs'!$C$26+'Executive Summary & Fleet KPIs'!$C$27) | G17: 1 | H17: =IF(G17=1,'Executive Summary & Fleet KPIs'!$D$32,'Executive Summary & Fleet KPIs'!$D$34) | I17: =SQRT(F17*H17) | J17: =I17/(1-I17) | K17: 0 | L17: =IF(K17=1,$B$8,1.0) | M17: =J17*L17 | N17: =M17/(1+M17) | O17: =IF(N17>=0.3,"CRITICAL (P1)",IF(N17>=0.1,"HIGH (P2)",IF(N17>=0.03,"ELEVATED (P3)","NORMAL (P4)"))
A18: DEV-109238 | B18: Tank Container Asset | C18: 29 | D18: 2 | E18: =D18/C18 | F18: =(D18+'Executive Summary & Fleet KPIs'!$C$26)/(C18+'Executive Summary & Fleet KPIs'!$C$26+'Executive Summary & Fleet KPIs'!$C$27) | G18: 0 | H18: =IF(G18=1,'Executive Summary & Fleet KPIs'!$D$32,'Executive Summary & Fleet KPIs'!$D$34) | I18: =SQRT(F18*H18) | J18: =I18/(1-I18) | K18: 1 | L18: =IF(K18=1,$B$8,1.0) | M18: =J18*L18 | N18: =M18/(1+M18) | O18: =IF(N18>=0.3,"CRITICAL (P1)",IF(N18>=0.1,"HIGH (P2)",IF(N18>=0.03,"ELEVATED (P3)","NORMAL (P4)"))
A19: DEV-056712 | B19: Standard 40ft Maritime | C19: 15 | D19: 2 | E19: =D19/C19 | F19: =(D19+'Executive Summary & Fleet KPIs'!$C$26)/(C19+'Executive Summary & Fleet KPIs'!$C$26+'Executive Summary & Fleet KPIs'!$C$27) | G19: 0 | H19: =IF(G19=1,'Executive Summary & Fleet KPIs'!$D$32,'Executive Summary & Fleet KPIs'!$D$34) | I19: =SQRT(F19*H19) | J19: =I19/(1-I19) | K19: 0 | L19: =IF(K19=1,$B$8,1.0) | M19: =J19*L19 | N19: =M19/(1+M19) | O19: =IF(N19>=0.3,"CRITICAL (P1)",IF(N19>=0.1,"HIGH (P2)",IF(N19>=0.03,"ELEVATED (P3)","NORMAL (P4)"))
A20: DEV-077421 | B20: Standard 20ft Maritime | C20: 30 | D20: 2 | E20: =D20/C20 | F20: =(D20+'Executive Summary & Fleet KPIs'!$C$26)/(C20+'Executive Summary & Fleet KPIs'!$C$26+'Executive Summary & Fleet KPIs'!$C$27) | G20: 0 | H20: =IF(G20=1,'Executive Summary & Fleet KPIs'!$D$32,'Executive Summary & Fleet KPIs'!$D$34) | I20: =SQRT(F20*H20) | J20: =I20/(1-I20) | K20: 0 | L20: =IF(K20=1,$B$8,1.0) | M20: =J20*L20 | N20: =M20/(1+M20) | O20: =IF(N20>=0.3,"CRITICAL (P1)",IF(N20>=0.1,"HIGH (P2)",IF(N20>=0.03,"ELEVATED (P3)","NORMAL (P4)"))
A21: DEV-121890 | B21: Intermodal Dry Box | C21: 30 | D21: 1 | E21: =D21/C21 | F21: =(D21+'Executive Summary & Fleet KPIs'!$C$26)/(C21+'Executive Summary & Fleet KPIs'!$C$26+'Executive Summary & Fleet KPIs'!$C$27) | G21: 0 | H21: =IF(G21=1,'Executive Summary & Fleet KPIs'!$D$32,'Executive Summary & Fleet KPIs'!$D$34) | I21: =SQRT(F21*H21) | J21: =I21/(1-I21) | K21: 1 | L21: =IF(K21=1,$B$8,1.0) | M21: =J21*L21 | N21: =M21/(1+M21) | O21: =IF(N21>=0.3,"CRITICAL (P1)",IF(N21>=0.1,"HIGH (P2)",IF(N21>=0.03,"ELEVATED (P3)","NORMAL (P4)"))
A22: DEV-014523 | B22: Standard 40ft Maritime | C22: 30 | D22: 1 | E22: =D22/C22 | F22: =(D22+'Executive Summary & Fleet KPIs'!$C$26)/(C22+'Executive Summary & Fleet KPIs'!$C$26+'Executive Summary & Fleet KPIs'!$C$27) | G22: 0 | H22: =IF(G22=1,'Executive Summary & Fleet KPIs'!$D$32,'Executive Summary & Fleet KPIs'!$D$34) | I22: =SQRT(F22*H22) | J22: =I22/(1-I22) | K22: 0 | L22: =IF(K22=1,$B$8,1.0) | M22: =J22*L22 | N22: =M22/(1+M22) | O22: =IF(N22>=0.3,"CRITICAL (P1)",IF(N22>=0.1,"HIGH (P2)",IF(N22>=0.03,"ELEVATED (P3)","NORMAL (P4)"))
A23: DEV-092341 | B23: Reefer Dry Container | C23: 30 | D23: 0 | E23: =D23/C23 | F23: =(D23+'Executive Summary & Fleet KPIs'!$C$26)/(C23+'Executive Summary & Fleet KPIs'!$C$26+'Executive Summary & Fleet KPIs'!$C$27) | G23: 0 | H23: =IF(G23=1,'Executive Summary & Fleet KPIs'!$D$32,'Executive Summary & Fleet KPIs'!$D$34) | I23: =SQRT(F23*H23) | J23: =I23/(1-I23) | K23: 1 | L23: =IF(K23=1,$B$8,1.0) | M23: =J23*L23 | N23: =M23/(1+M23) | O23: =IF(N23>=0.3,"CRITICAL (P1)",IF(N23>=0.1,"HIGH (P2)",IF(N23>=0.03,"ELEVATED (P3)","NORMAL (P4)"))
A24: DEV-183021 | B24: Standard 40ft Maritime | C24: 30 | D24: 0 | E24: =D24/C24 | F24: =(D24+'Executive Summary & Fleet KPIs'!$C$26)/(C24+'Executive Summary & Fleet KPIs'!$C$26+'Executive Summary & Fleet KPIs'!$C$27) | G24: 0 | H24: =IF(G24=1,'Executive Summary & Fleet KPIs'!$D$32,'Executive Summary & Fleet KPIs'!$D$34) | I24: =SQRT(F24*H24) | J24: =I24/(1-I24) | K24: 0 | L24: =IF(K24=1,$B$8,1.0) | M24: =J24*L24 | N24: =M24/(1+M24) | O24: =IF(N24>=0.3,"CRITICAL (P1)",IF(N24>=0.1,"HIGH (P2)",IF(N24>=0.03,"ELEVATED (P3)","NORMAL (P4)"))
... A32: DEV-183029 | B32: Intermodal Dry Box | C32: 30 | D32: 0 | E32: =D32/C32 | F32: =(D32+'Executive Summary & Fleet KPIs'!$C$26)/(C32+'Executive Summary & Fleet KPIs'!$C$26+'Executive Summary & Fleet KPIs'!$C$27) | G32: 0 | H32: =IF(G32=1,'Executive Summary & Fleet KPIs'!$D$32,'Executive Summary & Fleet KPIs'!$D$34) | I32: =SQRT(F32*H32) | J32: =I32/(1-I32) | K32: 0 | L32: =IF(K32=1,$B$8,1.0) | M32: =J32*L32 | N32: =M32/(1+M32) | O32: =IF(N32>=0.3,"CRITICAL (P1)",IF(N32>=0.1,"HIGH (P2)",IF(N32>=0.03,"ELEVATED (P3)","NORMAL (P4)"))

Sheet Formulas & Documentation
A1: Mathematical Foundations, Formulas & Operational Guide
A2: Technical specifications for the probability models used in this workbook
A4: Section | B4: Concept / Model | C4: Exact Mathematical Formula | D4: Excel Implementation | E4: Business Application
A5: 1. Fleet Daily Failure Rate | B5: Daily Device Failure Probability | C5: P(Fault | Active) = |D_fault| / N_active | D5: =B10/B6 | E5: Tracks daily fleet health and required spare units
A6: 2. Telemetry Ingestion | B6: Transmission Failure Probability | C6: P(Fault | Ping) = N_fault_rows / N_total_rows | D6: =B8/B7 | E6: Sizes streaming ingestion pipes & queue alarm thresholds
A7: 3. Noise Filtering | B7: Alert Suppression Rule | C7: Flagged IF (Faults >= k) AND (Faults / Total_Pings >= 50%) | D7: Window logic (k>=3) | E7: Filters isolated sensor blips from real hardware failures
A8: 4. Empirical Bayes | B8: Beta-Binomial Shrinkage Prior | C8: P(F_i) = (k_i + α) / (n_i + α + β) | D8: =(k_i + α) / (n_i + α + β) | E8: Prevents overfitting on devices with few reporting days
A9: 5. Recency / Persistence | B9: 1st Order Markov Chain Transition | C9: P(F_t+1 | S_t) = Transitions(S_t -> F) / Total(S_t) | D9: =IF(S_t=1, P(F|F), P(F|H)) | E9: Accounts for strong temporal autocorrelation in IoT sensors
A10: 6. Bayes' Rule | B10: Odds Formulation with Likelihood Ratio | C10: Posterior_Odds = Prior_Odds * LR_battery | D10: =Prior_Odds * LR_batt | E10: Updates risk dynamically based on pre-failure symptoms
A11: 7. Posterior Probability | B11: Inverse Odds Mapping | C11: P = Odds / (1 + Odds) | D11: =Odds / (1 + Odds) | E11: Converts odds back to an intuitive 0-100% risk probability
A14: How to Use This Dynamic Workbook with Your Actual Data:
A15: 1. Yellow Cells (Light Yellow Fill): These are your input parameters. Replace the assumed numbers with your actual daily totals.
A16: 2. Tab 1 ('Executive Summary & Fleet KPIs'): Enter your actual Active Devices, Telemetry Rows, Fault Rows, and Unique Devices in B5:B14.
A17: 3. Tab 2 ('Sensor Hazard Analysis'): Enter your actual sensor-level fault rows and unique device counts in columns B and C (rows 5 to 10).
A18: 4. Tab 3 ('Next-Day Device Model'): Paste your actual device IDs, active days (n_i), fault days (k_i), today's state (0/1), and low battery flag (0/1).
A19: 5. All downstream probabilities, Bayesian priors, Likelihood Ratios, and Day-31 risk triage tiers will recalculate automatically.
